ß,ð,î,ñ,ë,à,â,ñ,ê,à,ÿ, ,Î,á,ë,à,ñ,ò,ü
À,ä,û,ã,å,ÿ, ,Ð,å,ñ,ï,ó,á,ë,è,ê,à
Á,å,ë,ã,î,ð,î,ä,ñ,ê,à,ÿ, ,Î,á,ë,à,ñ,ò,ü
Á,ð,ÿ,í,ñ,ê,à,ÿ, ,Î,á,ë,à,ñ,ò,ü
Â,ë,à,ä,è,ì,è,ð,ñ,ê,à,ÿ, ,Î,á,ë,à,ñ,ò,ü
Â,î,ë,ã,î,ã,ð,à,ä,ñ,ê,à,ÿ, ,Î,á,ë,à,ñ,ò,ü
Â,î,ë,î,ã,î,ä,ñ,ê,à,ÿ, ,Î,á,ë,à,ñ,ò,ü
Â,î,ð,î,í,å,æ,ñ,ê,à,ÿ, ,Î,á,ë,à,ñ,ò,ü
Ä,à,ã,å,ñ,ò,à,í, ,Ð,å,ñ,ï,ó,á,ë,è,ê,à
È,â,à,í,î,â,ñ,ê,à,ÿ, ,Î,á,ë,à,ñ,ò,ü
È,í,ã,ó,ø,å,ò,è,ÿ, ,Ð,å,ñ,ï,ó,á,ë,è,ê,à
Ê,à,á,à,ð,ä,è,í,î,-,Á,à,ë,ê,à,ð,ñ,ê,à,ÿ, ,Ð,å,ñ,ï,ó,á,ë,è,ê,à
Ê,à,ë,ì,û,ê,è,ÿ, ,Ð,å,ñ,ï,ó,á,ë,è,ê,à
Ê,à,ë,ó,æ,ñ,ê,à,ÿ, ,Î,á,ë,à,ñ,ò,ü
Ê,à,ð,à,÷,à,å,â,î,-,×,å,ð,ê,å,ñ,ñ,ê,à,ÿ, ,Ð,å,ñ,ï,ó,á,ë,è,ê,à
Ê,à,ð,å,ë,è,ÿ, ,Ð,å,ñ,ï,ó,á,ë,è,ê,à
Ê,è,ð,î,â,ñ,ê,à,ÿ, ,Î,á,ë,à,ñ,ò,ü
Ê,î,ì,è, ,Ð,å,ñ,ï,ó,á,ë,è,ê,à
Ê,î,ñ,ò,ð,î,ì,ñ,ê,à,ÿ, ,Î,á,ë,à,ñ,ò,ü
Ê,ð,à,ñ,í,î,ä,à,ð,ñ,ê,è,é, ,Ê,ð,à,é
Ê,ð,û,ì, ,Ð,å,ñ,ï,ó,á,ë,è,ê,à
Ê,ó,ð,ñ,ê,à,ÿ, ,Î,á,ë,à,ñ,ò,ü
Ë,å,í,è,í,ã,ð,à,ä,ñ,ê,à,ÿ, ,Î,á,ë,à,ñ,ò,ü
Ë,è,ï,å,ö,ê,à,ÿ, ,Î,á,ë,à,ñ,ò,ü
Ì,à,ð,è,é, ,Ý,ë, ,Ð,å,ñ,ï,ó,á,ë,è,ê,à
Ì,î,ð,ä,î,â,è,ÿ, ,Ð,å,ñ,ï,ó,á,ë,è,ê,à
Ì,î,ñ,ê,â,à
Ì,î,ñ,ê,î,â,ñ,ê,à,ÿ, ,Î,á,ë,à,ñ,ò,ü
Ì,ó,ð,ì,à,í,ñ,ê,à,ÿ, ,Î,á,ë,à,ñ,ò,ü
Í,å,í,å,ö,ê,è,é, ,À,â,ò,î,í,î,ì,í,û,é, ,î,ê,ð,ó,ã
Í,è,æ,å,ã,î,ð,î,ä,ñ,ê,à,ÿ, ,Î,á,ë,à,ñ,ò,ü
Í,î,â,ã,î,ð,î,ä,ñ,ê,à,ÿ, ,Î,á,ë,à,ñ,ò,ü
Î,ð,ë,î,â,ñ,ê,à,ÿ, ,Î,á,ë,à,ñ,ò,ü
Ï,å,í,ç,å,í,ñ,ê,à,ÿ, ,Î,á,ë,à,ñ,ò,ü
Ï,ñ,ê,î,â,ñ,ê,à,ÿ, ,Î,á,ë,à,ñ,ò,ü
Ð,î,ñ,ò,î,â,ñ,ê,à,ÿ, ,Î,á,ë,à,ñ,ò,ü
Ð,ÿ,ç,à,í,ñ,ê,à,ÿ, ,Î,á,ë,à,ñ,ò,ü
Ñ,à,ì,à,ð,ñ,ê,à,ÿ, ,Î,á,ë,à,ñ,ò,ü
Ñ,à,í,ê,ò,-,Ï,å,ò,å,ð,á,ó,ð,ã
Ñ,à,ð,à,ò,î,â,ñ,ê,à,ÿ, ,Î,á,ë,à,ñ,ò,ü
Ñ,å,â,à,ñ,ò,î,ï,î,ë,ü, ,Ã,î,ð,î,ä
Ñ,å,â,å,ð,í,à,ÿ, ,Î,ñ,å,ò,è,ÿ, ,-, ,À,ë,à,í,è,ÿ, ,Ð,å,ñ,ï,ó,á,ë,è,ê,à
Ñ,ì,î,ë,å,í,ñ,ê,à,ÿ, ,Î,á,ë,à,ñ,ò,ü
Ò,à,ì,á,î,â,ñ,ê,à,ÿ, ,Î,á,ë,à,ñ,ò,ü
Ò,à,ò,à,ð,ñ,ò,à,í, ,Ð,å,ñ,ï,ó,á,ë,è,ê,à
Ò,â,å,ð,ñ,ê,à,ÿ, ,Î,á,ë,à,ñ,ò,ü
Ò,ó,ë,ü,ñ,ê,à,ÿ, ,Î,á,ë,à,ñ,ò,ü
Ó,ä,ì,ó,ð,ò,ñ,ê,à,ÿ, ,Ð,å,ñ,ï,ó,á,ë,è,ê,à
Ó,ë,ü,ÿ,í,î,â,ñ,ê,à,ÿ, ,Î,á,ë,à,ñ,ò,ü
×,å,÷,å,í,ñ,ê,à,ÿ, ,Ð,å,ñ,ï,ó,á,ë,è,ê,à
×,ó,â,à,ø,ñ,ê,à,ÿ, ,Ð,å,ñ,ï,ó,á,ë,è,ê,à
ß,ð,î,ñ,ë,à,â,ñ,ê,à,ÿ, ,Î,á,ë,à,ñ,ò,ü
